{"scoreShow":"Check","submit":"Submit","tryAgain":"Retry","scoreExplanation":"Correct answers give +1 point. Incorrect answers give -1 point. The lowest possible score is 0.","question":{"settings":{"size":{"width":818,"height":1185},"background":{"path":"images\/background-645df98f3f7bf.png","mime":"image\/png","copyright":{"license":"U"},"width":540,"height":782}},"task":{"elements":[{"x":39.119804400978,"y":96.62447257384,"width":9.9,"height":1.775,"dropZones":["0","1","2","3","4","5","6"],"type":{"library":"H5P.AdvancedText 1.1","params":{"text":"<p>Bundesregierung<\/p>\n"},"subContentId":"3d570b35-5076-4c1c-afcb-5656c64cc101","metadata":{"contentType":"Text","license":"U","title":"Untitled Text"}},"backgroundOpacity":100,"multiple":false},{"x":59.902200488998,"y":96.20253164557,"width":9.9,"height":1.775,"dropZones":["1","0","2","3","4","5","6"],"type":{"library":"H5P.AdvancedText 1.1","params":{"text":"<p>Bundestag<\/p>\n"},"metadata":{"contentType":"Text","license":"U","title":"Untitled Text"},"subContentId":"8c01db3c-3cfa-495c-870a-41a030a0ff3f"},"backgroundOpacity":100,"multiple":false},{"x":0,"y":96.62447257384,"width":9.9,"height":1.775,"dropZones":["2","0","1","3","4","5","6"],"type":{"library":"H5P.AdvancedText 1.1","params":{"text":"<p>Bundesrat<\/p>\n"},"metadata":{"contentType":"Text","license":"U","title":"Untitled Text"},"subContentId":"5a55181f-acd2-41cc-80cd-b1c566394897"},"backgroundOpacity":100,"multiple":false},{"x":41.564792176039,"y":93.670886075949,"width":9.9,"height":1.775,"dropZones":["3","0","1","2","4","5","6"],"type":{"library":"H5P.AdvancedText 1.1","params":{"text":"<p>Einspruchsgesetze<\/p>\n"},"metadata":{"contentType":"Text","license":"U","title":"Untitled Text"},"subContentId":"ad8ce3e5-54b1-419d-a94a-b2671899e44f"},"backgroundOpacity":100,"multiple":false},{"x":20.78239608802,"y":96.62447257384,"width":9.9,"height":1.775,"dropZones":["4","0","1","2","3","5","6"],"type":{"library":"H5P.AdvancedText 1.1","params":{"text":"<p>Zustimmungsgesetze<\/p>\n"},"metadata":{"contentType":"Text","license":"U","title":"Untitled Text"},"subContentId":"ddcb2d51-53d1-4ded-b07e-339589a9e69f"},"backgroundOpacity":100,"multiple":false},{"x":0,"y":93.670886075949,"width":9.9,"height":1.775,"dropZones":["5","0","1","2","3","4","6"],"type":{"library":"H5P.AdvancedText 1.1","params":{"text":"<p>Vermittlungsausschuss<\/p>\n"},"metadata":{"contentType":"Text","license":"U","title":"Untitled Text"},"subContentId":"bc5d8df9-3a4a-4dc2-be03-ff228d693fe5"},"backgroundOpacity":100,"multiple":false},{"x":20.78239608802,"y":93.670886075949,"width":9.9,"height":1.775,"dropZones":["6","0","1","2","3","4","5"],"type":{"library":"H5P.AdvancedText 1.1","params":{"text":"<p>Bundespr\u00e4sident<\/p>\n"},"metadata":{"contentType":"Text","license":"U","title":"Untitled Text"},"subContentId":"6ae3f7f2-9b7e-4c8c-ac40-4f85cf3f8e8c"},"backgroundOpacity":100,"multiple":false}],"dropZones":[{"x":9.7799511002445,"y":9.2827004219409,"width":10.625,"height":2.5,"correctElements":["0"],"showLabel":false,"backgroundOpacity":100,"tipsAndFeedback":{"tip":""},"single":true,"autoAlign":false,"label":"<div>Bundesregierung<\/div>\n"},{"x":39.119804400978,"y":9.2827004219409,"width":10.625,"height":2.5,"correctElements":["1"],"showLabel":false,"backgroundOpacity":100,"tipsAndFeedback":{"tip":""},"single":false,"autoAlign":false,"label":"<div>Bundestag<\/div>\n"},{"x":68.459657701711,"y":9.2827004219409,"width":10.625,"height":2.5,"correctElements":["2"],"showLabel":false,"backgroundOpacity":100,"tipsAndFeedback":{"tip":""},"single":false,"autoAlign":false,"label":"<div>Bundesrat<\/div>\n"},{"x":9.7799511002445,"y":30.379746835443,"width":11.875,"height":2.5,"correctElements":["3"],"showLabel":false,"backgroundOpacity":100,"tipsAndFeedback":{"tip":""},"single":false,"autoAlign":false,"label":"<div>Einspruchsgesetze<\/div>\n"},{"x":62.34515127168,"y":30.378340709059,"width":15,"height":2.5,"correctElements":["4"],"showLabel":false,"backgroundOpacity":100,"tipsAndFeedback":{"tip":""},"single":false,"autoAlign":false,"label":"<div>Zustimmungsgesetze<\/div>\n"},{"x":39.119804400978,"y":45.569620253165,"width":10.625,"height":2.5,"correctElements":["5"],"showLabel":false,"backgroundOpacity":100,"tipsAndFeedback":{"tip":""},"single":false,"autoAlign":false,"label":"<div>Vermittlungsausschuss<\/div>\n"},{"x":37.897310513447,"y":86.075949367089,"width":11.875,"height":2.5,"correctElements":["6"],"showLabel":false,"backgroundOpacity":100,"tipsAndFeedback":{"tip":""},"single":false,"autoAlign":false,"label":"<div>Bundespr\u00e4sident<\/div>\n"}]}},"overallFeedback":[{"from":0,"to":100}],"behaviour":{"enableRetry":true,"enableCheckButton":true,"singlePoint":false,"applyPenalties":true,"enableScoreExplanation":true,"dropZoneHighlighting":"dragging","autoAlignSpacing":2,"enableFullScreen":false,"showScorePoints":true,"showTitle":true},"grabbablePrefix":"Grabbable {num} of {total}.","grabbableSuffix":"Placed in dropzone {num}.","dropzonePrefix":"Dropzone {num} of {total}.","noDropzone":"No dropzone.","tipLabel":"Show tip.","tipAvailable":"Tip available","correctAnswer":"Correct answer","wrongAnswer":"Wrong answer","feedbackHeader":"Feedback","scoreBarLabel":"You got :num out of :total points","scoreExplanationButtonLabel":"Show score explanation","a11yCheck":"Check the answers. The responses will be marked as correct, incorrect, or unanswered.","a11yRetry":"Retry the task. Reset all responses and start the task over again.","localize":{"fullscreen":"Fullscreen","exitFullscreen":"Exit fullscreen"}}